customerId,customerName,creditScore,income,debtToIncomeRatio,paymentHistory,employmentYears,loanAmount,loanPurpose,existingLoans,propertyValue,maritalStatus,educationLevel,industry,riskCategory,status,additionalInfo,recommendations,birthDate,age,employmentType,monthlyExpenses,savingsBalance,creditHistoryYears,numberOfCreditCards,creditCardUtilization,hasBankruptcy,bankruptcyYearsAgo,hasForeclosure,foreclosureYearsAgo,residenceType,yearsAtCurrentAddress,loanTerm,interestRate,collateralType,collateralValue,guarantorStatus,guarantorCreditScore,guarantorIncome,guarantorRelationship
CUST001,John Hanson,646,36083,0.66,72,7,150158,Education,4,569535,Married,Masters,Retail,Low,Approved,Serious rise new.,Remain recognize show.,1962-08-23,63,Self-employed,4437,52274,14,5,0.4,False,0,False,0,Mortgage,13,Short-term,4.31,Vehicle,145202,None,,61220,Spouse
CUST002,Desiree Gutierrez,553,56523,0.54,87,14,168746,Mortgage,3,441932,Single,PhD,Finance,High,Rejected,Team happen hour.,The school camera whom other.,1976-03-01,49,Full-time,4296,30627,19,2,0.35,False,0,True,7,Own,13,Short-term,6.82,Vehicle,220957,Required,728,53913,Spouse
CUST003,Cameron Guerrero,545,57609,0.35,73,6,244810,Car,0,501944,Divorced,Bachelors,Technology,Low,Rejected,Animal.,Book relationship ever sign.,1991-04-15,34,Part-time,3717,166091,7,5,0.67,True,2,False,0,Rent,1,Medium-term,6.67,Real Estate,401480,None,606,,Spouse
CUST004,Tanya Smith,745,30119,0.36,92,8,140481,Business,4,532463,Divorced,PhD,Retail,Medium,Rejected,Million work voice.,According state radio.,1975-06-01,50,Full-time,2816,117896,18,1,0.88,False,0,False,0,Mortgage,12,Medium-term,5.32,None,139293,None,,83060,
CUST005,Jennifer Villanueva,561,126948,0.35,85,11,102099,Car,2,183451,Single,Bachelors,Finance,High,Rejected,Force right lead.,And meeting finally ten.,1976-10-03,49,Part-time,5303,176105,1,1,0.74,True,9,True,10,Own,11,Long-term,7.42,Vehicle,526062,None,743,62149,
CUST006,Ashley Watkins DDS,754,98977,0.51,94,15,118605,Education,2,493183,Divorced,PhD,Technology,Medium,Rejected,Foot plan than.,Across difference.,1984-11-26,41,Full-time,4665,179759,15,3,0.2,False,0,False,0,Own,13,Medium-term,5.06,Real Estate,11267,Required,711,,
CUST007,Hannah Beck,568,146545,0.46,76,5,237531,Car,1,305790,Divorced,High School,Retail,Low,Approved,Benefit stock perform.,Clear service.,1999-04-26,26,Full-time,4892,113108,22,2,0.78,True,2,True,5,Rent,8,Short-term,6.66,Real Estate,231087,None,,,
CUST008,Jennifer Johnson,577,63021,0.64,100,11,54849,Business,2,181529,Single,High School,Retail,Medium,Approved,Quickly assume.,All course piece a compare.,1980-03-29,45,Part-time,4356,167412,6,3,0.11,True,6,False,0,Own,2,Long-term,5.77,Real Estate,86605,Required,726,80881,Sibling
CUST009,Donald Li,665,92974,0.59,84,12,236778,Mortgage,3,539848,Divorced,Masters,Healthcare,Low,Rejected,Suddenly public.,Common large.,1977-03-01,48,Self-employed,4322,94718,23,1,0.55,True,6,False,0,Rent,8,Long-term,4.15,None,151764,Required,,72463,
CUST010,Anne Alexander,695,143803,0.45,96,14,161275,Mortgage,2,493743,Single,PhD,Finance,Low,Rejected,Spend prevent loss.,Tonight happen.,1964-03-01,61,Part-time,3058,166402,4,4,0.25,True,1,False,0,Own,7,Medium-term,3.92,None,257357,None,,,Parent
CUST011,Kenneth Jones,573,138362,0.55,86,2,124612,Education,2,250758,Divorced,High School,Retail,Low,Rejected,Matter that develop.,Whatever player suddenly.,1970-04-21,55,Self-employed,2652,178478,21,4,0.75,True,8,True,10,Mortgage,12,Medium-term,7.42,None,598552,Required,639,,
CUST012,Patrick Price,549,101014,0.66,95,11,231038,Car,2,518249,Married,Bachelors,Technology,Low,Rejected,Weight market voice.,Type class watch friend.,1987-12-10,38,Full-time,5004,139986,19,3,0.67,False,0,False,0,Own,4,Medium-term,3.92,Real Estate,543191,Required,,51116,
CUST013,Jean White,610,88085,0.53,83,5,65757,Education,4,552645,Married,High School,Education,High,Rejected,Certain good house.,Sign set travel nothing business.,1981-06-29,44,Self-employed,5686,71025,12,3,0.84,False,0,False,0,Rent,9,Long-term,7.11,Vehicle,451133,None,604,,
CUST014,Maria Herrera,787,115906,0.37,75,6,142045,Personal,1,453990,Married,Bachelors,Retail,High,Approved,Particularly staff.,Onto board particularly receive computer.,1987-11-29,38,Part-time,4760,79892,17,3,0.49,False,0,False,0,Mortgage,3,Short-term,5.86,Vehicle,291001,Required,629,,
CUST015,Christopher Wilson,795,65137,0.42,76,9,81528,Personal,4,155619,Single,High School,Healthcare,Low,Approved,Note.,War window.,1997-08-07,28,Part-time,3369,105173,4,2,0.47,True,8,True,10,Mortgage,7,Long-term,7.29,None,424484,None,604,81057,
CUST016,Kathryn Johnson,529,84843,0.43,92,7,86911,Mortgage,1,228286,Divorced,PhD,Retail,High,Approved,Ground turn kid.,Wall result hair.,1971-10-24,54,Self-employed,3814,130073,22,5,0.66,False,0,False,0,Rent,6,Medium-term,7.33,Vehicle,98654,None,740,46113,Parent
CUST017,Luis Jones,588,109048,0.47,93,13,220584,Education,3,466860,Married,Masters,Technology,Medium,Rejected,Investment term study.,Stock explain.,1997-10-19,28,Part-time,3109,177057,5,2,0.24,True,2,True,8,Own,6,Long-term,4.94,Vehicle,478151,None,,,
CUST018,Martha Garrison,592,137914,0.67,85,1,146573,Education,1,290656,Divorced,Bachelors,Technology,Medium,Approved,Identify father company purpose.,Recognize hope actually cell.,1995-10-21,30,Part-time,2553,22968,21,3,0.41,False,0,False,0,Rent,7,Medium-term,5.23,Vehicle,145204,None,,,Sibling
CUST019,Tonya Sandoval,716,88515,0.57,78,9,200410,Mortgage,4,513947,Married,Bachelors,Retail,Low,Approved,Most side service.,Find head become coach other.,1998-10-09,27,Self-employed,5384,136148,10,3,0.53,True,5,True,5,Own,1,Medium-term,6.61,None,450362,Required,,,Sibling
CUST020,Sheila Buckley,745,124890,0.61,80,7,101116,Personal,2,581150,Divorced,Bachelors,Retail,High,Approved,Owner common.,Month thus treatment.,1967-01-05,58,Full-time,2181,46368,15,5,0.36,True,8,False,0,Own,13,Short-term,7.2,None,384937,Required,,,Sibling
CUST021,Mr. Carlos Howard,675,81936,0.3,87,15,238253,Car,0,482588,Single,PhD,Healthcare,High,Approved,Factor soldier.,Age travel remember resource activity.,1988-08-13,37,Self-employed,3440,9823,15,2,0.36,False,0,True,3,Rent,8,Long-term,6.51,Real Estate,86886,None,,44902,
CUST022,Katherine Wright,583,73809,0.25,71,1,197464,Mortgage,2,473363,Single,High School,Finance,Low,Rejected,Card north special.,And work force somebody executive.,1977-03-23,48,Part-time,4655,64368,23,3,0.12,False,0,True,6,Own,10,Long-term,6.27,Vehicle,305285,Required,613,,
CUST023,Justin Gomez,730,87932,0.7,74,12,240622,Education,3,454203,Married,Masters,Retail,Low,Approved,Cost.,Attack purpose fly.,2000-05-10,25,Full-time,3229,177412,19,4,0.67,True,10,False,0,Mortgage,4,Short-term,7.91,None,240917,Required,624,65778,
CUST024,Sarah Hall,640,145506,0.43,85,9,193807,Education,2,454705,Married,Bachelors,Healthcare,Medium,Approved,Board choice produce only.,Phone until financial.,1994-02-01,31,Part-time,3028,13994,4,4,0.23,True,6,False,0,Rent,3,Long-term,6.29,Vehicle,375861,None,,88599,
CUST025,David Pierce,500,39904,0.64,93,8,226589,Personal,0,248316,Single,High School,Finance,Medium,Approved,Financial natural change.,Particularly station process in hope.,1976-12-21,49,Full-time,2494,101977,17,5,0.79,True,8,False,0,Rent,7,Long-term,5.78,Real Estate,367922,None,605,54194,
CUST026,Kayla Pearson,686,42037,0.4,94,8,168604,Car,4,306850,Divorced,PhD,Finance,High,Rejected,Face charge nothing.,Live light season.,1998-01-10,27,Self-employed,4545,67802,7,2,0.61,True,2,False,0,Own,8,Medium-term,3.79,Vehicle,121030,None,,,
CUST027,Jordan Harrell,690,33934,0.36,74,3,61762,Business,4,469136,Single,Bachelors,Retail,Medium,Approved,Thus population.,Almost open edge nature word.,2000-09-27,25,Part-time,5933,146082,9,1,0.12,False,0,True,1,Rent,8,Short-term,5.73,Vehicle,33554,Required,,,Sibling
CUST028,William Fuller,743,49746,0.24,85,8,72364,Personal,3,207798,Married,High School,Education,Medium,Approved,Represent marriage.,Mean both.,1979-01-23,46,Self-employed,4021,143624,8,4,0.44,True,4,True,9,Rent,7,Medium-term,6.7,None,511921,None,603,53363,
CUST029,Frank Zamora,641,102268,0.69,76,9,131686,Education,0,322297,Single,Masters,Finance,Low,Rejected,Coach west beyond.,Us meet road.,1985-10-06,40,Full-time,3007,158303,3,4,0.16,True,2,False,0,Own,13,Long-term,5.83,Vehicle,358191,None,,,
CUST030,Susan Powell,584,82913,0.3,79,7,110617,Mortgage,0,486927,Married,Masters,Technology,Medium,Rejected,Company term.,Us add.,1988-11-13,37,Self-employed,3890,164582,22,5,0.77,True,6,True,9,Mortgage,14,Medium-term,5.77,None,462815,None,730,,
CUST031,Harold Cooper,661,33140,0.3,71,11,222160,Education,1,345014,Single,Masters,Retail,Low,Approved,Future now young.,None similar.,1972-03-30,53,Full-time,2744,33307,7,1,0.34,False,0,False,0,Own,9,Medium-term,5.69,Real Estate,157007,None,658,31543,
CUST032,Walter Rollins,745,76125,0.33,100,5,141092,Business,0,210521,Single,PhD,Finance,Low,Approved,Little watch air.,Close discuss five enter.,1999-10-11,26,Self-employed,2086,169248,3,4,0.73,False,0,False,0,Own,13,Medium-term,6.43,Vehicle,360484,Required,,87488,Sibling
CUST033,Pamela Ferguson,698,132506,0.63,76,2,238416,Car,4,307014,Divorced,Bachelors,Healthcare,High,Approved,Professional central amount.,Forget point relationship.,1979-08-01,46,Full-time,3149,148678,7,1,0.71,False,0,False,0,Mortgage,3,Long-term,6.32,Vehicle,496987,Required,742,,Spouse
CUST034,Dana Wells,542,46468,0.63,71,14,248047,Education,3,522767,Divorced,Masters,Healthcare,Low,Approved,Wait.,High coach.,1986-08-05,39,Self-employed,3083,104500,25,3,0.3,False,0,True,10,Rent,7,Medium-term,4.82,Vehicle,118574,None,627,,Spouse
CUST035,Tara Torres,579,61301,0.66,86,7,237649,Business,0,508830,Divorced,Bachelors,Retail,Low,Rejected,Mind west.,Decade employee.,2003-04-17,22,Part-time,4824,133133,1,3,0.1,True,4,True,4,Rent,2,Medium-term,3.94,None,368761,Required,,,None
CUST036,Victoria Williams,501,143712,0.45,100,7,249420,Education,2,174834,Divorced,Masters,Retail,Low,Approved,Entire compare.,Institution money personal.,1990-07-01,35,Self-employed,2633,64195,4,5,0.17,True,10,True,6,Mortgage,11,Short-term,6.36,Real Estate,1112,None,,45166,Spouse
CUST037,Robin Brooks,767,94854,0.52,70,8,69039,Personal,4,544336,Divorced,High School,Healthcare,High,Rejected,Culture maybe of hotel.,Chair improve quite remember community.,1965-01-23,60,Part-time,4040,146924,1,2,0.88,False,0,False,0,Own,6,Medium-term,5.51,None,187631,None,694,,Sibling
CUST038,John Cross,626,91203,0.2,95,7,184634,Car,2,434911,Single,Masters,Healthcare,Medium,Rejected,Man imagine.,Represent surface.,2002-11-10,23,Full-time,4455,171755,14,2,0.76,False,0,True,8,Own,1,Medium-term,4.46,Vehicle,95050,None,,,
CUST039,Leah Wong,628,126023,0.65,90,2,142900,Personal,4,555062,Divorced,Bachelors,Education,High,Approved,Coach.,Become forward protect.,1999-04-20,26,Full-time,2483,117592,7,5,0.16,True,2,False,0,Mortgage,3,Medium-term,3.93,None,232084,Required,655,74041,
CUST040,Kevin Allen MD,643,39170,0.49,79,13,149825,Mortgage,0,580842,Single,Masters,Retail,High,Rejected,Deal chair.,Strategy oil former.,2000-12-30,25,Part-time,2387,188234,20,3,0.83,False,0,False,0,Rent,8,Long-term,5.87,Real Estate,73940,None,,,Parent
CUST041,Erin Brown,647,148398,0.66,79,15,65462,Personal,3,226196,Single,High School,Retail,Medium,Approved,Issue.,Some government defense.,1978-10-17,47,Self-employed,4682,125125,18,4,0.41,False,0,False,0,Mortgage,12,Short-term,5.34,Real Estate,99796,None,,,
CUST042,Arthur Jordan,512,57683,0.69,97,9,148260,Car,3,578461,Married,Bachelors,Healthcare,Low,Approved,Return training partner sell.,Identify city street Republican.,1995-09-22,30,Self-employed,4797,44529,13,3,0.66,False,0,True,8,Mortgage,9,Medium-term,4.94,None,191272,None,,,Spouse
CUST043,Logan Miller,695,96136,0.36,93,8,156972,Mortgage,0,394029,Married,High School,Retail,Low,Approved,West should.,These form effect better.,1977-11-12,48,Self-employed,5780,179121,18,3,0.77,True,6,True,8,Rent,3,Medium-term,7.9,None,539473,None,,,Parent
CUST044,Nicole Michael,767,54301,0.35,82,15,114669,Car,4,457374,Married,Masters,Retail,Low,Rejected,Memory according focus enough.,Start return camera.,2004-05-25,21,Self-employed,4511,148060,17,4,0.86,True,4,False,0,Rent,15,Long-term,7.65,None,381559,None,,38467,
CUST045,Brandi Ballard,774,79551,0.54,85,2,93446,Mortgage,2,353111,Married,PhD,Technology,Low,Approved,Institution against.,Different government foreign list own.,1973-07-18,52,Full-time,2281,148380,12,5,0.13,False,0,False,0,Rent,14,Short-term,7.29,Real Estate,310576,None,,,Spouse
CUST046,John Edwards,762,69468,0.48,75,9,166398,Business,4,466888,Divorced,Masters,Retail,High,Approved,But only build create.,Ask side red deal.,1996-04-03,29,Self-employed,2811,115635,14,5,0.46,False,0,False,0,Rent,5,Medium-term,6.9,None,429289,None,667,,
CUST047,Joe Hall,567,42073,0.53,93,3,241605,Education,3,502280,Married,Bachelors,Technology,High,Approved,Check throw attorney.,Friend foot artist become.,1984-02-10,41,Self-employed,5792,6434,11,1,0.25,False,0,True,4,Mortgage,6,Long-term,3.8,Real Estate,129593,None,714,56441,Parent
CUST048,Joseph Padilla,537,95090,0.67,85,1,138677,Mortgage,4,415320,Single,Bachelors,Technology,Low,Rejected,Early example.,Card civil.,1961-10-23,64,Self-employed,5787,109853,8,1,0.22,True,4,True,3,Rent,5,Medium-term,4.78,None,306152,None,,63239,
CUST049,Amy Thompson,668,90745,0.4,88,15,99950,Car,0,388162,Single,High School,Retail,Medium,Rejected,She just task.,Purpose eat during actually boy.,1978-01-17,47,Part-time,5330,114399,25,4,0.16,False,0,False,0,Own,15,Short-term,4.49,Real Estate,245432,None,748,,None
CUST050,Joe Jones,501,30137,0.4,86,4,138565,Personal,0,185186,Divorced,PhD,Technology,Low,Rejected,Present determine.,Art great administration.,1987-04-15,38,Part-time,2885,155284,10,3,0.46,False,0,True,8,Rent,8,Short-term,6.03,Real Estate,64736,Required,687,48064,
CUST051,Christine Lopez,756,58887,0.62,91,3,204801,Personal,0,519689,Married,High School,Healthcare,Medium,Approved,Such film.,Performance street dog.,1984-02-21,41,Full-time,2547,148733,11,4,0.19,True,4,True,10,Own,11,Short-term,6.92,None,348203,Required,,81085,Spouse
CUST052,Christopher Petty,594,121358,0.24,74,14,156532,Personal,4,487686,Divorced,Masters,Healthcare,Medium,Approved,Entire attention until.,Party break local.,1967-12-27,58,Full-time,2025,54233,15,1,0.34,False,0,True,8,Own,12,Long-term,3.69,None,477580,None,651,,Parent
CUST053,Ronald Willis,575,72378,0.3,79,4,50842,Education,4,184575,Single,Masters,Finance,High,Approved,Side.,Mouth clearly participant drug job.,2002-11-13,23,Self-employed,5079,191182,25,2,0.54,False,0,False,0,Mortgage,6,Short-term,4.48,Vehicle,304275,Required,,98929,Parent
CUST054,Brandy Vargas,577,54046,0.63,89,6,88077,Car,3,423223,Single,High School,Retail,High,Approved,Exactly Mr.,Attorney whole student factor.,1971-11-04,54,Self-employed,2438,44742,14,2,0.35,True,1,True,2,Own,9,Long-term,6.63,None,69068,Required,643,96913,
CUST055,Steven Murphy,547,50337,0.46,96,5,146219,Education,1,425449,Married,Bachelors,Retail,High,Approved,Station design.,Strategy science will.,1998-04-01,27,Part-time,2625,150547,7,5,0.68,False,0,False,0,Rent,2,Short-term,7.42,Vehicle,279034,None,,,Sibling
CUST056,Joseph Ward,571,83007,0.38,83,1,222979,Business,3,261323,Divorced,PhD,Retail,Low,Approved,Kitchen step drive.,Discussion none wear few special.,1980-11-06,45,Full-time,5236,59975,14,4,0.3,False,0,False,0,Mortgage,5,Long-term,5.4,None,135201,Required,,78291,
CUST057,Stephen Moore,723,136485,0.56,88,14,62174,Personal,4,375454,Single,Masters,Education,Medium,Approved,Evidence we pretty make.,Daughter level employee military end.,1999-01-02,26,Part-time,3999,22642,18,1,0.69,True,8,True,10,Mortgage,12,Short-term,6.24,Vehicle,419572,None,639,,None
CUST058,Robin Young,623,55615,0.5,71,4,88409,Education,3,558046,Single,PhD,Finance,Low,Approved,Between watch third.,Sea design option act.,1979-08-09,46,Full-time,5794,190533,8,3,0.83,False,0,False,0,Rent,12,Short-term,4.96,Vehicle,226010,None,,99874,Spouse
CUST059,Beverly Camacho,644,103923,0.25,89,8,233331,Education,3,441520,Married,PhD,Healthcare,Low,Approved,Rather room.,Hard system.,1960-02-26,65,Full-time,3157,180407,17,3,0.31,False,0,False,0,Rent,1,Short-term,5.83,None,17893,Required,,,Parent
CUST060,Donna Shelton,627,94498,0.42,78,3,119490,Personal,1,298169,Married,Masters,Education,High,Rejected,Claim.,Test cup.,1971-01-07,54,Self-employed,2499,63118,14,2,0.54,True,3,True,6,Own,7,Long-term,6.14,Vehicle,45235,Required,675,68723,Parent
CUST061,Katelyn Lawrence,754,149428,0.33,97,7,217724,Mortgage,2,238501,Single,Bachelors,Healthcare,High,Approved,As traditional score condition.,However recognize today source.,1989-10-08,36,Full-time,3881,27563,6,4,0.12,False,0,True,5,Own,9,Long-term,6.31,Real Estate,311992,Required,,,Parent
CUST062,Diane Graves,672,48207,0.29,82,15,139871,Education,2,250500,Divorced,PhD,Retail,Medium,Approved,Hand daughter.,Him list.,1968-08-27,57,Part-time,3496,29322,19,2,0.17,False,0,True,3,Own,9,Medium-term,3.98,Vehicle,392688,Required,729,,Parent
CUST063,Nicholas Thomas,569,71706,0.33,70,7,84293,Education,3,162602,Single,High School,Healthcare,Low,Rejected,Maybe off.,Budget lay last evidence.,1961-01-16,64,Self-employed,2544,190820,5,2,0.5,True,2,False,0,Mortgage,4,Medium-term,3.54,Vehicle,243373,Required,720,30753,
CUST064,Julia Price,717,90715,0.34,74,9,109509,Personal,0,420843,Married,Bachelors,Retail,Low,Rejected,Industry each.,Scientist per control participant.,2003-01-16,22,Self-employed,4128,56638,15,5,0.77,True,7,False,0,Mortgage,9,Short-term,6.26,None,495070,Required,,63581,
CUST065,Bryan Sloan,617,123617,0.59,90,9,201757,Personal,0,395624,Single,Bachelors,Technology,Low,Rejected,Cultural able cold.,Born commercial discussion eat.,1988-10-31,37,Part-time,4241,83134,6,1,0.43,False,0,False,0,Rent,12,Short-term,7.54,Real Estate,361205,None,703,42985,
CUST066,Kevin Hernandez,637,36272,0.24,92,14,198358,Education,0,483768,Single,High School,Education,Low,Rejected,Quality night year.,Raise matter indeed hundred.,1992-04-21,33,Part-time,5491,81589,23,1,0.4,True,5,False,0,Rent,7,Short-term,5.35,Real Estate,256471,None,709,30030,Spouse
CUST067,Marie Baldwin,766,117020,0.63,76,4,149101,Education,1,298211,Married,Bachelors,Finance,Medium,Rejected,Economy street hair mouth.,American buy box.,1993-05-13,32,Part-time,3900,151460,11,4,0.63,False,0,False,0,Mortgage,10,Long-term,4.28,None,91023,Required,615,,
CUST068,Gabriela Cline,796,138027,0.56,82,12,96124,Education,3,239848,Single,Masters,Retail,Medium,Rejected,Capital three.,Dark fire senior.,1981-04-04,44,Self-employed,2752,156280,21,2,0.62,False,0,False,0,Own,12,Medium-term,7.29,Real Estate,569217,Required,,,Spouse
CUST069,Shannon Kirby,729,121794,0.56,94,13,135995,Car,2,356178,Divorced,Bachelors,Retail,Medium,Approved,Husband PM.,Plan indicate.,1995-08-11,30,Self-employed,5409,154876,13,1,0.33,True,10,False,0,Mortgage,6,Long-term,5.35,Real Estate,595435,Required,,97125,Sibling
CUST070,Brenda Jackson,631,45958,0.54,93,14,62268,Car,2,239120,Married,High School,Retail,Low,Rejected,Available car.,Standard simply form.,2003-03-11,22,Full-time,2591,171979,3,4,0.84,True,6,False,0,Own,11,Long-term,3.64,Real Estate,562912,Required,603,57640,
CUST071,Albert Hebert,540,99761,0.43,70,10,57999,Business,1,370854,Married,PhD,Finance,Low,Approved,Admit.,Speech reason form.,1971-04-11,54,Part-time,4737,10501,3,1,0.32,False,0,False,0,Mortgage,15,Medium-term,3.59,None,467358,None,,,Parent
CUST072,Gabriel Jones,538,34443,0.63,85,4,93309,Mortgage,4,561926,Single,Masters,Healthcare,Low,Approved,Just put.,Wonder cost.,1978-02-09,47,Part-time,5911,5008,13,4,0.88,True,2,True,5,Rent,10,Long-term,6.5,None,477246,Required,,,
CUST073,Daniel Jones,546,140605,0.45,83,14,149210,Personal,4,299381,Single,Bachelors,Healthcare,Low,Approved,Take practice.,Sport later alone stay.,1983-12-22,42,Part-time,3927,95282,2,1,0.35,True,3,True,8,Own,14,Long-term,7.8,Real Estate,133995,Required,716,54093,
CUST074,Jody Terry,638,101554,0.7,99,10,73179,Mortgage,0,564918,Divorced,Masters,Healthcare,High,Rejected,Ready cup.,Help common least address.,2001-06-24,24,Self-employed,5486,104005,18,4,0.89,True,10,True,7,Rent,6,Medium-term,4.43,Vehicle,474352,Required,,,
CUST075,Barbara Thomas,718,103047,0.5,87,5,200712,Business,4,322642,Divorced,Masters,Retail,Medium,Approved,Involve believe.,Value professional history stuff.,1964-10-11,61,Full-time,3652,90911,12,1,0.22,False,0,False,0,Mortgage,5,Long-term,6.83,None,212078,Required,746,,None
CUST076,Thomas Lawrence,747,128476,0.51,83,8,50952,Education,4,198124,Single,Bachelors,Healthcare,Medium,Rejected,Never soon number entire.,Him feel employee opportunity.,1996-06-26,29,Full-time,4789,81270,21,5,0.63,True,1,False,0,Own,2,Short-term,5.37,Real Estate,457453,None,,68088,
CUST077,William Smith,642,115347,0.53,76,11,214633,Business,2,352860,Married,PhD,Healthcare,Low,Rejected,South west.,Parent show keep.,1974-06-06,51,Part-time,4412,53566,7,4,0.3,False,0,True,1,Mortgage,9,Short-term,5.77,Vehicle,66484,Required,713,,Parent
CUST078,Edwin Miller,700,38437,0.64,96,8,113438,Business,2,368332,Divorced,Masters,Education,Medium,Rejected,Discover religious.,Option leg fund.,1997-11-01,28,Full-time,5173,84583,6,3,0.43,False,0,False,0,Own,9,Long-term,5.73,Real Estate,339871,None,696,45785,
CUST079,Tina Wilson,743,118937,0.48,91,8,199429,Mortgage,3,372475,Single,PhD,Education,High,Rejected,Sing wear identify.,Car deep moment analysis.,1986-06-08,39,Full-time,2871,21927,2,1,0.7,True,8,True,6,Mortgage,9,Medium-term,6.92,Vehicle,247777,None,722,73253,
CUST080,Lisa Jones,730,43743,0.42,84,2,107681,Mortgage,1,315727,Divorced,Bachelors,Retail,High,Approved,Arrive offer trial.,Level thank threat star set.,1959-10-11,66,Part-time,4404,109387,18,1,0.64,True,5,False,0,Rent,1,Long-term,5.47,Real Estate,279031,Required,,92004,Sibling
CUST081,Kelsey Arnold,543,86716,0.44,92,9,93672,Mortgage,0,156013,Divorced,PhD,Technology,Medium,Rejected,Minute determine.,History game growth kitchen ability.,1994-12-25,31,Self-employed,2238,106441,22,5,0.49,True,6,True,10,Rent,3,Short-term,6.41,Vehicle,8357,Required,697,,
CUST082,Brian Cline,638,47124,0.56,73,9,58517,Education,0,158942,Single,High School,Technology,High,Rejected,Suggest project.,Decade method tend.,1991-08-01,34,Self-employed,4808,133398,24,1,0.6,False,0,False,0,Rent,1,Short-term,6.4,Real Estate,11776,None,626,80445,
CUST083,Timothy Miller,684,59992,0.54,79,11,112119,Business,2,426663,Divorced,Bachelors,Technology,Low,Approved,Important.,Bring quickly agency former address.,1965-01-15,60,Full-time,5741,119877,16,2,0.7,True,9,False,0,Own,11,Long-term,6.27,Real Estate,537368,Required,,,
CUST084,Geoffrey Gutierrez,760,124169,0.69,92,11,117897,Mortgage,0,242715,Divorced,PhD,Education,Medium,Approved,Writer person.,Again think party data Republican.,1986-04-11,39,Self-employed,2355,62172,10,1,0.75,False,0,False,0,Rent,4,Long-term,7.41,Real Estate,129240,None,633,,None
CUST085,Timothy Davila,543,84733,0.36,71,15,52374,Business,1,497566,Single,Masters,Finance,Low,Approved,Large nor.,Leave hope.,1982-01-13,43,Full-time,2131,191101,1,1,0.35,True,6,False,0,Mortgage,11,Long-term,6.14,None,174635,Required,661,,Sibling
CUST086,Timothy Nguyen,631,140417,0.54,75,5,160517,Personal,4,421600,Divorced,Masters,Healthcare,Low,Rejected,Gas age.,Social reveal fly.,1989-09-29,36,Full-time,5255,108255,8,4,0.33,True,9,True,7,Own,1,Medium-term,7.5,None,201206,Required,,,None
CUST087,Samuel Long,539,46408,0.5,87,4,214424,Personal,2,249040,Married,High School,Finance,High,Rejected,Sit best modern.,Result kind get series direction.,1967-07-23,58,Self-employed,4504,10076,15,5,0.41,True,9,True,5,Own,7,Medium-term,3.8,None,554259,None,745,,Sibling
CUST088,Matthew Gardner,721,55989,0.22,73,4,195565,Car,4,599155,Single,Masters,Technology,Medium,Approved,Institution rock.,Nor herself debate win.,1991-06-20,34,Part-time,3944,164953,23,1,0.6,False,0,False,0,Mortgage,12,Medium-term,3.9,None,34186,Required,,44839,Parent
CUST089,Sara Martinez,594,46568,0.66,76,11,234063,Car,2,426268,Divorced,Bachelors,Technology,Low,Approved,Interesting significant machine call.,Message home remain student feeling.,1984-11-28,41,Part-time,3064,88356,5,4,0.49,True,7,False,0,Own,10,Long-term,6.05,Real Estate,11516,Required,,,
CUST090,Julie Zuniga,614,69657,0.21,86,1,210165,Car,3,562295,Married,Masters,Healthcare,Low,Rejected,Professor above charge.,Front see mission among low.,1966-09-15,59,Full-time,4745,120110,13,1,0.6,False,0,False,0,Rent,9,Short-term,4.43,None,335875,Required,696,,Parent
CUST091,Deanna Mayo,694,94276,0.46,70,3,249746,Mortgage,0,263949,Single,Masters,Education,High,Approved,Former.,Citizen especially.,1972-05-20,53,Full-time,3675,43725,8,1,0.4,True,5,True,9,Rent,1,Long-term,7.17,Vehicle,225061,Required,,,
CUST092,Brent Gomez,658,116547,0.56,79,8,85080,Education,4,462516,Married,Masters,Healthcare,High,Rejected,Side Republican front.,Medical manage lead.,1962-04-28,63,Self-employed,3760,145348,25,2,0.27,False,0,True,5,Own,11,Short-term,6.6,Vehicle,23691,None,674,,
CUST093,Karen Burnett,538,98394,0.45,74,3,75685,Education,2,153687,Single,High School,Healthcare,High,Rejected,Hotel may left.,Ago political local worker two.,1989-12-29,36,Part-time,4089,115956,23,5,0.69,True,1,True,1,Rent,6,Short-term,3.83,Real Estate,377538,Required,645,,Spouse
CUST094,Melissa Velez,661,128029,0.64,74,1,57811,Mortgage,1,581280,Single,Masters,Education,Low,Rejected,Size week.,Approach reality.,1965-12-03,60,Full-time,3203,127143,3,4,0.29,True,5,True,5,Mortgage,4,Short-term,6.39,Vehicle,241417,Required,677,,
CUST095,Sheila Banks,740,146674,0.23,81,13,167833,Mortgage,0,486192,Single,Masters,Retail,Low,Approved,Record tend.,Create team hotel fill character.,1961-05-19,64,Part-time,2297,169051,23,1,0.3,True,2,False,0,Own,8,Short-term,6.29,Vehicle,433062,Required,,86975,None
CUST096,Ronald Pham,698,32865,0.38,93,1,97552,Mortgage,4,583889,Divorced,Masters,Technology,Medium,Approved,Mention federal.,Account season during.,1984-05-30,41,Self-employed,2914,71306,8,3,0.16,False,0,False,0,Rent,1,Medium-term,5.14,Vehicle,10502,None,669,,
CUST097,Thomas Davis,615,131620,0.35,76,3,208783,Education,2,216548,Divorced,PhD,Education,Low,Rejected,Argue close.,Case catch thing accept.,1959-12-15,66,Self-employed,5557,134715,24,3,0.15,True,10,False,0,Rent,5,Long-term,6.72,Real Estate,290544,None,648,45026,Sibling
CUST098,Shane Byrd,664,97511,0.51,72,7,194740,Business,1,395091,Divorced,PhD,Education,High,Rejected,Performance whom.,Leader author market cause.,1986-10-30,39,Part-time,3752,109754,25,1,0.58,False,0,True,4,Rent,11,Short-term,5.85,Real Estate,590993,Required,619,,Sibling
CUST099,Donald Dudley,628,53778,0.69,85,11,97095,Business,4,460228,Married,Bachelors,Healthcare,Low,Rejected,Nor.,Again hundred.,1990-07-24,35,Self-employed,4741,102315,1,4,0.47,True,9,True,9,Own,7,Long-term,6.95,None,533925,None,734,85404,Spouse
CUST100,Erik Nelson,741,71794,0.42,87,5,150701,Personal,4,228200,Married,Masters,Education,Low,Approved,Pattern entire listen.,Interest increase real.,1969-01-05,56,Full-time,4589,197750,6,4,0.86,True,4,True,10,Mortgage,15,Long-term,4.16,None,108634,None,,96901,Parent
CUST101,Jonathan Myers,549,112402,0.69,82,2,224384,Car,3,178165,Married,Bachelors,Technology,Medium,Approved,One yes different.,Cover enjoy own commercial.,1991-01-25,34,Part-time,3844,142865,24,4,0.29,False,0,False,0,Own,10,Medium-term,5.52,Real Estate,63320,None,,,Parent
CUST102,Monique Reynolds,547,35355,0.45,90,2,139501,Business,1,300110,Divorced,High School,Finance,High,Approved,Indeed up.,Eat end network.,1962-11-06,63,Self-employed,3728,94572,12,1,0.42,False,0,False,0,Rent,13,Short-term,3.86,Vehicle,181912,Required,684,49540,
CUST103,Lauren Daniel,637,108928,0.27,99,3,136339,Mortgage,1,488101,Divorced,PhD,Healthcare,Medium,Approved,Rather affect forward.,Glass news industry against.,1967-02-09,58,Self-employed,3300,41817,8,4,0.62,False,0,True,4,Own,7,Long-term,6.06,Real Estate,391186,Required,,,
CUST104,Robert Solomon,557,107276,0.67,85,12,223556,Car,2,303774,Divorced,Masters,Technology,Low,Approved,Scientist threat.,Fund keep.,1963-10-24,62,Full-time,5574,102840,11,2,0.19,True,7,False,0,Own,5,Long-term,6.74,Real Estate,398011,Required,725,,None
CUST105,Michele Reynolds,745,105067,0.44,74,9,72611,Education,4,566361,Single,PhD,Technology,Low,Approved,Beat task west.,Everyone major.,1966-02-15,59,Full-time,5929,13240,4,5,0.46,True,7,True,3,Mortgage,6,Short-term,4.21,None,295519,Required,708,75156,
CUST106,Anthony Rollins,552,85510,0.28,78,8,156934,Education,4,511439,Divorced,PhD,Healthcare,Medium,Approved,Give peace.,Contain brother market mouth less.,2002-11-03,23,Full-time,2734,154452,15,5,0.77,True,4,False,0,Rent,7,Medium-term,7.08,None,487388,None,700,36405,Parent
CUST107,Robert Wyatt,532,47684,0.36,93,8,167234,Education,3,363730,Married,PhD,Healthcare,High,Rejected,Movement everything peace Mrs.,Again another serious security.,1997-02-22,28,Self-employed,3339,51619,18,3,0.52,True,3,True,5,Mortgage,7,Long-term,5.37,None,301333,None,,,
CUST108,Richard Riley,677,40938,0.22,85,13,160655,Business,4,372237,Married,PhD,Healthcare,Medium,Rejected,Natural.,Sport region now manage.,1974-04-28,51,Self-employed,4214,67430,16,2,0.13,True,7,False,0,Own,9,Medium-term,7.07,Vehicle,348849,None,,46962,None
CUST109,Roberta Morris,713,105139,0.7,88,3,120595,Car,3,303337,Married,Masters,Healthcare,Medium,Rejected,Up wife perform.,Look because second.,1973-01-26,52,Part-time,5231,53446,8,1,0.33,False,0,False,0,Own,13,Medium-term,6.08,Real Estate,534715,Required,750,94562,
CUST110,Kevin Green,520,106780,0.23,74,10,104786,Mortgage,0,431425,Married,High School,Retail,High,Approved,Expert think.,Hard state either.,1988-12-22,37,Full-time,3711,7946,13,4,0.25,False,0,True,8,Mortgage,12,Medium-term,5.46,None,389325,None,683,,Parent
CUST111,Vanessa Miller,753,142953,0.46,100,9,75709,Business,1,344577,Married,Masters,Retail,Low,Rejected,Oil fast after.,Century improve worker.,2001-05-19,24,Self-employed,5448,15472,23,1,0.62,False,0,True,3,Mortgage,1,Medium-term,7.98,None,494110,Required,713,40445,
CUST112,Andrea Garcia,738,79858,0.65,93,11,153362,Mortgage,1,182169,Married,PhD,Technology,Low,Approved,Fine drug.,Statement national mention.,1998-12-20,27,Full-time,4906,75897,3,5,0.57,False,0,True,7,Own,3,Medium-term,4.64,None,444879,Required,,82048,Sibling
CUST113,Melanie Spencer,776,117013,0.27,73,5,123967,Personal,2,365380,Single,PhD,Technology,High,Rejected,Sit federal group.,People effect exist what.,1986-07-19,39,Full-time,5588,188406,17,1,0.83,True,2,False,0,Own,12,Medium-term,5.2,Real Estate,227256,None,646,55418,
CUST114,Kathleen Garza,689,34846,0.38,91,2,137191,Education,2,251422,Divorced,Masters,Education,Medium,Rejected,Professional since.,Information by bring.,1975-03-03,50,Full-time,2722,161141,24,4,0.58,True,7,False,0,Own,9,Short-term,7.68,None,204311,Required,683,63881,
CUST115,Brandon Mcgee,787,110397,0.4,94,11,122611,Mortgage,3,327892,Divorced,PhD,Healthcare,Medium,Rejected,Member situation.,Build best cup black.,1975-11-22,50,Self-employed,4749,155343,10,1,0.8,True,5,False,0,Rent,11,Short-term,4.79,None,316683,Required,697,43294,
CUST116,Sean Hall,575,105853,0.35,74,14,137651,Car,3,594895,Single,Masters,Education,Low,Rejected,Accept area suggest.,Seem weight defense sure.,1974-09-06,51,Part-time,2807,153692,3,4,0.25,True,3,True,4,Own,7,Long-term,6.2,Real Estate,225668,Required,,51400,Sibling
CUST117,Lee Lopez,728,97199,0.59,79,10,58415,Car,3,297934,Married,Bachelors,Healthcare,Low,Approved,Detail friend.,Vote push evidence member rather.,1985-04-10,40,Part-time,3278,133514,7,3,0.15,True,9,False,0,Mortgage,4,Medium-term,3.5,Vehicle,44443,Required,699,,Spouse
CUST118,Michelle Meza,556,136811,0.5,78,6,72523,Car,2,304557,Divorced,Masters,Finance,Low,Approved,International analysis.,Leg seat.,1988-04-15,37,Full-time,4204,110640,24,4,0.73,False,0,True,4,Mortgage,14,Long-term,4.7,None,592491,None,,,Sibling
CUST119,Janet Adams,783,81902,0.64,70,3,226872,Personal,1,409227,Single,High School,Retail,High,Rejected,Letter father answer.,With speech ahead determine.,1983-11-09,42,Part-time,5633,180402,15,5,0.69,True,4,False,0,Mortgage,11,Medium-term,7.83,None,574742,None,666,,Spouse
CUST120,Alfred Moyer,789,86882,0.58,84,10,219075,Mortgage,4,270335,Married,Bachelors,Healthcare,Medium,Rejected,Form.,Clear turn a.,2000-12-17,25,Full-time,4047,154594,8,4,0.83,False,0,False,0,Mortgage,10,Short-term,7.63,Real Estate,583950,Required,,,
CUST121,Ann Whitney,673,114657,0.51,73,6,154637,Education,2,542804,Married,Bachelors,Finance,Low,Approved,Former party fast.,Rock business fact.,1971-10-11,54,Part-time,4602,110707,11,3,0.55,False,0,True,9,Rent,1,Medium-term,7.74,None,231737,Required,661,,None
CUST122,Jessica Perez,520,103164,0.45,86,1,236130,Education,4,289054,Divorced,High School,Technology,High,Approved,Space time.,Task add agent.,1998-12-15,27,Full-time,2775,44618,23,1,0.65,False,0,True,10,Rent,9,Short-term,3.99,None,440007,None,,52108,None
CUST123,Amber Johnson,691,52912,0.49,93,9,84011,Education,4,451229,Married,Masters,Technology,Low,Approved,Window final window.,Gun bill.,1982-08-21,43,Full-time,2944,142040,12,2,0.67,False,0,False,0,Mortgage,11,Long-term,6.52,Vehicle,200942,None,,,
CUST124,Christopher Martinez,517,141468,0.66,91,5,139221,Personal,2,275681,Divorced,Bachelors,Retail,High,Approved,Language yourself.,Pretty guess others society.,1993-04-06,32,Full-time,4441,124233,8,4,0.8,False,0,True,3,Rent,15,Medium-term,6.8,Real Estate,463604,None,,,Parent
CUST125,Jose Cook,679,149530,0.38,88,5,204344,Education,2,444458,Single,Masters,Technology,Medium,Approved,Reason street.,Employee item modern.,1992-11-20,33,Full-time,5580,84610,18,5,0.74,False,0,True,1,Own,8,Long-term,6.56,Real Estate,470982,None,673,,None
CUST126,Michael Johnston,694,112879,0.6,88,9,171170,Personal,0,231740,Married,PhD,Education,Low,Approved,During increase himself.,Safe clearly reason green.,1961-06-29,64,Full-time,3231,196871,18,5,0.88,True,10,True,7,Mortgage,14,Short-term,6.55,Vehicle,378394,Required,,60596,Parent
CUST127,Megan Cooper,768,39944,0.69,76,8,182635,Education,2,574386,Divorced,Masters,Finance,High,Rejected,Contain.,Finish husband meeting everything.,1984-02-06,41,Self-employed,4175,113513,9,3,0.24,False,0,False,0,Own,3,Long-term,5.84,None,586553,None,718,,
CUST128,Jose Clark,575,52443,0.65,90,9,55922,Personal,4,582939,Married,Bachelors,Technology,Low,Rejected,Hotel like although.,Strategy design however lawyer high.,2001-04-24,24,Part-time,4248,18502,22,2,0.64,False,0,True,8,Mortgage,14,Short-term,7.06,Vehicle,187630,None,,,Spouse
CUST129,Shelia Davenport,735,64351,0.3,85,7,167974,Education,3,540885,Single,Masters,Technology,Medium,Rejected,Political pass argue.,Store help white represent.,1986-08-20,39,Part-time,3887,161341,9,1,0.45,True,5,False,0,Mortgage,5,Long-term,6.02,Vehicle,449393,None,,40910,
CUST130,Erica Taylor,536,143623,0.26,99,13,166877,Mortgage,1,348856,Single,Masters,Retail,High,Rejected,Statement hand plant hospital.,Night suddenly Democrat church.,2000-06-16,25,Full-time,3920,14611,10,1,0.78,False,0,True,4,Mortgage,7,Short-term,5.52,None,426200,Required,,,
CUST131,Seth Barnes,749,44846,0.34,76,8,141826,Mortgage,3,258570,Divorced,Bachelors,Retail,Medium,Approved,Necessary yeah threat.,Serve light.,1983-03-25,42,Self-employed,3743,145219,15,5,0.73,False,0,False,0,Mortgage,15,Long-term,6.4,Real Estate,354321,None,,,
CUST132,Deborah Richard,646,114746,0.68,77,3,202682,Car,1,262095,Single,Bachelors,Retail,Medium,Approved,Cell.,World degree fear never attention.,1961-09-05,64,Self-employed,3693,108219,15,2,0.52,True,9,True,6,Rent,11,Long-term,3.53,None,160423,Required,,67680,Sibling
CUST133,Russell Dodson,533,42715,0.51,70,3,124194,Mortgage,0,451539,Married,PhD,Retail,High,Rejected,Hot sell.,Stage himself wind.,1987-05-10,38,Part-time,5110,194436,11,3,0.46,False,0,False,0,Mortgage,7,Medium-term,5.19,Real Estate,350986,None,,,Parent
CUST134,Travis Smith,629,98393,0.46,77,15,118964,Business,1,496074,Married,Bachelors,Technology,Low,Rejected,Only beautiful nature.,Recently short bit.,1966-09-20,59,Full-time,3936,78200,19,4,0.48,True,9,False,0,Mortgage,9,Short-term,7.52,None,43019,Required,,,
CUST135,Stephanie Anderson,767,130318,0.69,96,2,55772,Car,2,333452,Single,High School,Healthcare,High,Approved,Least use book.,Could could.,1979-04-16,46,Part-time,4818,183691,2,5,0.86,True,4,True,4,Rent,9,Medium-term,6.0,None,392973,Required,,50321,
CUST136,Becky Flores,594,98403,0.37,93,6,55865,Mortgage,3,584544,Divorced,High School,Retail,Medium,Rejected,Ten former finish.,Paper nice phone affect mean.,1991-09-08,34,Full-time,5124,118913,11,4,0.19,False,0,False,0,Mortgage,7,Medium-term,4.24,Vehicle,243547,None,662,,
CUST137,Nicole Smith,564,48718,0.62,71,9,75853,Business,4,509461,Married,Bachelors,Finance,High,Rejected,Throw human audience.,Herself gun hundred certain.,1960-07-05,65,Part-time,3251,141149,16,2,0.57,False,0,False,0,Mortgage,2,Long-term,7.64,Real Estate,441337,None,664,42326,Parent
CUST138,Stephen Roberts,530,123708,0.55,90,12,192691,Education,0,548106,Married,Masters,Finance,High,Rejected,Catch eat family.,Cultural generation my.,1984-07-14,41,Part-time,4045,128756,15,3,0.71,True,4,False,0,Own,11,Short-term,6.17,Vehicle,373451,None,,,
CUST139,Elizabeth Brandt,778,47624,0.39,98,1,151456,Car,2,400164,Married,High School,Healthcare,Medium,Approved,His activity.,Those brother since responsibility.,2000-05-02,25,Part-time,5017,116532,23,3,0.49,True,3,True,10,Mortgage,1,Short-term,6.9,None,345797,Required,714,39548,
CUST140,Lisa Pratt,633,112581,0.68,85,2,101669,Business,1,534029,Divorced,Bachelors,Healthcare,Medium,Approved,Television generation.,Sign from likely various instead.,1974-04-17,51,Full-time,2886,6300,8,4,0.62,False,0,False,0,Mortgage,12,Long-term,6.73,Vehicle,563875,None,731,,
CUST141,Hector Rodriguez,739,133208,0.67,77,9,205521,Business,4,191992,Divorced,High School,Healthcare,Medium,Approved,Do career table.,Must memory lawyer.,1970-02-26,55,Self-employed,5274,57420,12,1,0.46,True,5,False,0,Mortgage,3,Long-term,3.69,Real Estate,530765,Required,670,97518,
CUST142,Frank Morales,512,75115,0.5,80,10,57296,Business,3,468776,Single,Bachelors,Technology,Medium,Approved,With.,Should line behind factor real.,1963-06-11,62,Full-time,4736,194610,9,4,0.55,False,0,True,4,Own,1,Long-term,6.35,None,405599,None,,,Spouse
CUST143,James Dominguez,520,101949,0.61,94,13,53906,Personal,0,543369,Divorced,High School,Healthcare,High,Approved,Design forward.,System money develop student.,1964-07-11,61,Full-time,4013,49592,23,2,0.74,True,1,False,0,Rent,11,Medium-term,4.01,Vehicle,393591,Required,,,
CUST144,Adrian Bean,585,41229,0.23,95,4,117965,Education,0,414305,Married,High School,Retail,Medium,Approved,Huge its.,Mr stock lay method woman.,1992-02-16,33,Self-employed,5636,45138,10,5,0.12,True,3,False,0,Mortgage,10,Long-term,7.23,None,574893,None,709,,
CUST145,Jessica Reilly,691,127787,0.64,70,9,218068,Education,4,428874,Single,PhD,Technology,Medium,Approved,Food cultural.,Mrs social concern personal result.,1985-07-10,40,Self-employed,5732,51757,25,1,0.71,True,4,True,8,Own,10,Long-term,5.23,Real Estate,132034,Required,647,,
CUST146,Travis Short MD,563,111783,0.24,71,8,135421,Personal,0,252892,Single,PhD,Healthcare,Medium,Rejected,Training prove.,Recent risk.,1962-05-09,63,Full-time,3322,176241,23,1,0.57,False,0,True,7,Rent,1,Short-term,6.36,Real Estate,9302,Required,,,
CUST147,Donna Diaz,770,85054,0.4,84,4,234271,Car,3,295336,Single,Bachelors,Finance,Medium,Rejected,Easy to worry.,Catch right affect choice past.,1992-12-10,33,Self-employed,3126,32067,2,5,0.39,True,6,False,0,Own,9,Long-term,6.43,None,312099,Required,734,,
CUST148,Daniel May,680,61325,0.63,91,5,226694,Business,1,451793,Married,PhD,Retail,High,Rejected,Decision spend continue with.,Expect drop.,1976-10-28,49,Self-employed,5517,178273,19,4,0.46,True,8,True,3,Rent,8,Long-term,6.19,Vehicle,167769,None,,,
CUST149,Madison Watson,626,145755,0.53,95,12,127687,Car,3,533873,Single,Bachelors,Finance,Low,Rejected,Parent example past.,Pm house send.,1984-01-25,41,Full-time,4917,176263,13,4,0.31,False,0,False,0,Mortgage,9,Long-term,6.56,Real Estate,74487,None,617,,
CUST150,Tammy Price,749,53786,0.36,71,10,118755,Business,3,334570,Single,High School,Finance,Low,Approved,Task white.,Staff act ground building.,2001-04-17,24,Self-employed,5046,100519,17,3,0.68,True,9,True,4,Mortgage,1,Medium-term,5.53,Vehicle,486474,None,,59363,
CUST151,Ryan Wolf,649,114139,0.42,97,10,122269,Business,2,167136,Married,Bachelors,Retail,High,Approved,Trade old magazine.,Produce human attack.,1992-02-18,33,Full-time,2935,142500,15,5,0.63,False,0,True,5,Rent,6,Long-term,5.84,None,277299,None,,,Parent
CUST152,Amanda Murphy,765,122465,0.49,96,10,247991,Car,2,216428,Single,Bachelors,Retail,Medium,Rejected,Fast her answer.,Specific loss condition sing.,1966-01-16,59,Part-time,3968,54629,17,1,0.62,True,1,False,0,Mortgage,12,Medium-term,7.37,None,104662,None,,49954,Parent
CUST153,Savannah Harvey,708,115920,0.27,100,14,151596,Car,1,183363,Divorced,High School,Finance,High,Rejected,Theory see that.,Reason today someone.,1975-06-17,50,Self-employed,5639,115713,1,5,0.47,False,0,True,4,Own,3,Long-term,6.99,Vehicle,326202,Required,605,65660,Sibling
CUST154,Elizabeth Wilson,737,147157,0.68,91,1,157522,Mortgage,3,369660,Divorced,Bachelors,Retail,High,Rejected,Practice.,Better practice country.,1998-01-10,27,Full-time,3637,140650,1,5,0.62,True,9,False,0,Mortgage,7,Long-term,3.84,Real Estate,550293,Required,696,,None
CUST155,Pamela Guerra,773,118680,0.43,91,15,190209,Education,3,181233,Single,High School,Retail,High,Rejected,General fly these.,Off instead movie finish from.,1993-06-02,32,Full-time,2696,180464,22,1,0.84,False,0,True,10,Own,4,Short-term,6.23,None,319220,None,735,,None
CUST156,Jose Ramirez,529,83892,0.63,100,3,162036,Car,3,464671,Divorced,PhD,Healthcare,High,Approved,Me high low.,Scene film here drug.,1987-10-28,38,Part-time,3797,64925,1,5,0.65,False,0,True,7,Rent,1,Medium-term,3.68,Vehicle,212786,None,,56664,
CUST157,Patrick Wright,677,50182,0.44,90,2,119699,Education,2,335782,Married,PhD,Healthcare,Low,Rejected,Door physical amount audience.,Condition majority themselves.,1995-03-07,30,Full-time,5091,77595,15,3,0.44,True,6,True,7,Mortgage,3,Short-term,5.36,Vehicle,369188,Required,,,None
CUST158,Christine Morales,577,53720,0.6,94,15,91158,Car,1,166039,Divorced,PhD,Retail,High,Approved,Those pretty.,Trade create six beyond collection.,1985-08-18,40,Part-time,2538,141762,15,5,0.75,False,0,True,7,Mortgage,9,Short-term,3.6,None,146690,None,,,None
CUST159,Nathan Jones,774,129133,0.52,81,1,223321,Car,4,209804,Single,High School,Retail,Low,Approved,Author debate member research.,Him nor medical without.,1968-05-01,57,Part-time,3940,75315,19,4,0.7,False,0,True,3,Mortgage,4,Short-term,7.87,Vehicle,252684,Required,,,
CUST160,Kristin Johnson,557,119348,0.32,88,3,108118,Business,1,406869,Single,PhD,Retail,High,Rejected,Tv green pressure.,Game over tree.,1962-09-17,63,Full-time,4324,178254,8,3,0.24,True,3,True,5,Rent,10,Medium-term,7.82,None,40177,Required,,81517,Parent
CUST161,Nicholas Clark,664,102187,0.33,84,13,68587,Car,1,507494,Married,Masters,Finance,High,Approved,Anyone leg either.,Chair million owner road reality.,1997-01-25,28,Part-time,4921,77411,23,5,0.58,False,0,False,0,Mortgage,1,Long-term,4.6,None,319041,Required,639,79294,
CUST162,Erik Gutierrez,799,133483,0.52,92,15,158146,Education,0,517277,Married,High School,Retail,Medium,Rejected,Say strategy.,Affect in build.,1980-02-04,45,Self-employed,3807,40957,7,2,0.88,True,3,False,0,Own,15,Long-term,7.64,Vehicle,20377,Required,,,
CUST163,Robin Vasquez,567,149008,0.64,80,1,219422,Business,1,317361,Single,Bachelors,Finance,Medium,Approved,Raise find deal.,Program feeling behavior.,1972-04-11,53,Self-employed,5700,7333,16,4,0.87,False,0,False,0,Rent,6,Long-term,4.25,None,408024,None,,,Sibling
CUST164,Nathan Church,692,43607,0.67,93,12,237691,Business,3,426942,Married,Bachelors,Finance,Medium,Rejected,Vote choose.,Increase structure state benefit.,1974-09-09,51,Part-time,5581,172699,6,2,0.72,False,0,True,6,Own,14,Short-term,6.02,Vehicle,445106,None,,68969,Sibling
CUST165,Cindy Bridges,750,78657,0.31,72,6,235389,Mortgage,0,436571,Married,Masters,Technology,Medium,Approved,Total raise.,Call toward land Democrat suffer.,1991-05-25,34,Part-time,2071,79652,18,1,0.4,False,0,True,1,Own,12,Medium-term,4.19,Vehicle,71464,Required,,,
CUST166,Candace James,587,70577,0.62,77,8,95088,Education,2,284206,Single,High School,Finance,Medium,Rejected,Myself size television.,Police successful than ball.,1978-05-26,47,Full-time,3674,20496,4,2,0.64,False,0,False,0,Own,10,Medium-term,7.93,None,597880,Required,675,89118,
CUST167,Linda Green,650,149682,0.53,84,2,93045,Mortgage,3,240761,Single,High School,Technology,High,Rejected,Lose.,New at race million huge.,1988-01-06,37,Part-time,2034,199727,13,3,0.68,True,6,False,0,Own,8,Medium-term,7.19,Real Estate,375779,None,617,38733,
CUST168,Tina Carlson,506,113361,0.22,90,14,89437,Business,4,570651,Married,PhD,Education,High,Approved,Break process sport.,Fish share off since.,1996-12-07,29,Self-employed,2398,146868,15,5,0.62,True,7,True,3,Rent,13,Medium-term,6.06,Real Estate,124174,None,663,41939,None
CUST169,Pamela Bailey,624,30843,0.56,92,13,101667,Business,2,384420,Single,Bachelors,Finance,High,Approved,Open.,Model space wall but fly.,1963-01-07,62,Self-employed,4019,16110,21,4,0.73,False,0,True,9,Rent,12,Short-term,3.9,Real Estate,551897,None,,,Parent
CUST170,James Thompson,620,97437,0.66,71,14,222701,Education,1,375042,Married,PhD,Education,Low,Approved,Find important.,Degree point.,1989-07-04,36,Part-time,2130,10054,2,5,0.41,False,0,True,8,Rent,11,Long-term,5.02,Vehicle,447112,Required,696,,
CUST171,Matthew Dean,567,57492,0.29,76,10,212078,Education,1,313068,Married,PhD,Healthcare,Low,Approved,Sign move.,Life food half blood.,1967-10-31,58,Part-time,5106,166339,2,3,0.25,True,10,False,0,Rent,12,Long-term,3.94,Real Estate,226559,None,647,,
CUST172,George Coleman,548,117715,0.48,99,2,108498,Car,3,515000,Married,PhD,Healthcare,High,Rejected,Material staff other shake.,Month own southern.,2001-11-29,24,Self-employed,2395,70514,10,1,0.29,True,2,False,0,Mortgage,6,Short-term,7.15,Real Estate,46583,Required,,,Sibling
CUST173,Jamie Bright,579,64903,0.61,83,13,162563,Personal,4,327048,Divorced,Masters,Technology,High,Approved,Evening always.,Later its social.,1979-07-03,46,Full-time,3461,185393,17,5,0.56,False,0,False,0,Own,13,Short-term,3.63,Vehicle,566374,None,,,Sibling
CUST174,Gloria Ali,692,88384,0.23,89,4,83176,Car,2,202190,Single,Bachelors,Retail,Low,Rejected,Child need onto agent.,Best compare.,1980-11-28,45,Full-time,5370,37981,23,4,0.59,True,6,False,0,Mortgage,7,Medium-term,7.63,Real Estate,401940,None,,84880,
CUST175,David Gardner,770,50582,0.21,82,2,198806,Education,4,193957,Single,PhD,Finance,Medium,Rejected,School admit.,Medical every front because current.,1990-09-28,35,Self-employed,3744,76360,2,1,0.65,True,9,False,0,Own,13,Long-term,6.45,None,387060,None,747,,
CUST176,Paul Smith,505,31069,0.31,98,2,89775,Car,0,248068,Single,High School,Healthcare,Medium,Rejected,Direction news.,Work tell between.,1979-03-17,46,Part-time,3486,142013,21,4,0.56,True,8,True,7,Own,6,Short-term,6.51,Vehicle,18023,None,,91492,
CUST177,Tracy Thomas,698,63600,0.33,78,3,95050,Business,4,577344,Divorced,PhD,Technology,High,Rejected,Activity cause.,Report thus model compare language.,1966-05-23,59,Full-time,5271,89217,23,2,0.52,True,5,False,0,Rent,7,Medium-term,7.56,Real Estate,12101,Required,737,34962,None
CUST178,Allen Hendricks,511,97846,0.58,82,8,210652,Business,2,310730,Single,Masters,Technology,Medium,Rejected,Form change threat.,Song claim from.,1972-04-28,53,Self-employed,2064,99987,19,1,0.82,False,0,False,0,Own,9,Medium-term,5.36,Real Estate,410744,Required,,,
CUST179,Melissa Turner,718,147961,0.3,75,11,178067,Business,1,317785,Married,PhD,Education,Low,Approved,Sign full scene.,Over story until.,1984-09-29,41,Self-employed,4753,100726,6,4,0.11,False,0,True,4,Own,13,Short-term,4.39,Real Estate,209584,None,,,Parent
CUST180,Bryan Moore,570,68372,0.61,83,13,142837,Car,3,188539,Married,PhD,Finance,Low,Rejected,These seat leave.,Attack close discussion later.,1959-08-23,66,Full-time,5069,136167,12,2,0.65,False,0,True,8,Rent,5,Long-term,4.54,Vehicle,185268,None,,,
CUST181,Steven Mccarthy DVM,725,80313,0.31,72,15,122348,Personal,2,591200,Divorced,Bachelors,Healthcare,Medium,Rejected,If baby month.,Quickly so shake including my.,1994-11-16,31,Part-time,5885,10873,20,4,0.81,True,3,False,0,Mortgage,15,Medium-term,5.13,None,363572,Required,733,,
CUST182,Scott Garcia,672,92327,0.31,71,13,127428,Personal,2,198385,Married,Masters,Technology,High,Rejected,Civil enjoy sell.,Them possible share.,1996-04-05,29,Part-time,2514,103824,21,4,0.52,True,9,True,3,Own,8,Short-term,7.14,Real Estate,430042,Required,,,
CUST183,Daniel Lopez,721,131023,0.62,70,6,219408,Mortgage,4,326251,Married,Bachelors,Retail,Medium,Rejected,Care test above.,Evidence respond sort billion agent.,1982-04-10,43,Full-time,3927,168504,17,3,0.6,True,4,False,0,Own,10,Long-term,7.39,None,386455,None,658,91723,None
CUST184,Kylie Bartlett,528,118017,0.53,95,4,127937,Mortgage,1,462760,Divorced,High School,Finance,High,Approved,Represent movie front.,Building source both task.,1997-03-31,28,Full-time,3565,21883,18,3,0.4,False,0,False,0,Rent,8,Short-term,6.81,None,370900,Required,,,
CUST185,Victoria Stout,584,74017,0.59,100,2,155387,Business,2,286369,Married,Bachelors,Technology,High,Approved,Actually.,Challenge yard.,1959-10-12,66,Self-employed,5613,176938,5,3,0.22,False,0,False,0,Rent,12,Long-term,7.14,Vehicle,353000,Required,749,,
CUST186,Kristin Villegas,725,145671,0.2,94,11,219726,Business,4,242807,Married,PhD,Finance,Low,Rejected,Action fine.,World any.,1959-07-09,66,Full-time,2070,66182,21,3,0.23,True,3,True,8,Own,12,Long-term,5.51,None,99586,None,616,,
CUST187,Richard Bates,678,76580,0.48,96,14,95463,Mortgage,3,270244,Divorced,Masters,Retail,Low,Approved,Interview answer reach.,Necessary simple ground.,1984-12-14,41,Part-time,5662,125840,9,1,0.39,True,8,True,2,Mortgage,1,Long-term,7.43,None,386331,Required,619,,
CUST188,Robert Harrison,792,72502,0.68,81,10,73282,Mortgage,2,329660,Single,High School,Education,Low,Approved,Also simple successful.,Mention late police difference.,1990-11-18,35,Self-employed,3653,198997,7,1,0.23,False,0,True,3,Rent,6,Short-term,5.77,Vehicle,486071,Required,,76785,Spouse
CUST189,Jennifer Mitchell,543,60399,0.62,84,9,246693,Education,4,358433,Married,Masters,Technology,Low,Approved,Produce change debate.,Close voice.,1986-11-25,39,Part-time,2749,181963,19,4,0.61,False,0,False,0,Own,8,Long-term,5.88,Real Estate,447934,Required,614,,Parent
CUST190,William Munoz,743,39722,0.41,99,13,76961,Mortgage,4,493942,Married,PhD,Retail,High,Approved,Help half.,Practice particularly.,1971-10-11,54,Self-employed,3536,128148,21,3,0.47,True,1,True,3,Mortgage,15,Medium-term,3.58,None,513550,None,728,,
CUST191,Robert Mcgrath,674,143845,0.53,81,5,208433,Education,1,372465,Married,Bachelors,Retail,Medium,Rejected,Those together recognize.,Now into clearly.,1960-02-24,65,Part-time,5740,30421,21,1,0.59,False,0,False,0,Rent,7,Short-term,3.85,Real Estate,217852,Required,683,91769,Parent
CUST192,Charles Walker,515,105081,0.5,78,2,152463,Personal,2,383606,Single,PhD,Retail,Medium,Approved,Community field through.,Story measure compare site.,1986-01-13,39,Part-time,2624,38587,13,1,0.34,False,0,False,0,Mortgage,13,Short-term,7.67,Vehicle,372359,None,,44360,
CUST193,Brittney Martin,728,114073,0.39,93,3,189756,Personal,2,158964,Married,Masters,Technology,Medium,Approved,Ready skin movement.,If would general.,1995-08-06,30,Full-time,5967,106329,13,3,0.63,True,3,False,0,Own,12,Medium-term,5.72,None,477602,Required,706,,
CUST194,Kevin Martin,768,144030,0.53,90,12,70610,Personal,0,521341,Divorced,PhD,Education,Low,Rejected,Process sort win artist.,Town newspaper try.,1985-07-28,40,Full-time,2674,141119,20,2,0.11,False,0,False,0,Mortgage,15,Short-term,5.13,Vehicle,297353,None,665,,
CUST195,Christopher Richardson,667,139754,0.44,82,4,68099,Mortgage,3,423742,Single,Bachelors,Healthcare,High,Approved,Sense hot.,Sing attention.,1969-10-20,56,Self-employed,2248,67637,4,3,0.48,True,1,True,2,Own,14,Medium-term,7.53,None,566835,Required,,,
CUST196,Keith Thompson,659,113122,0.63,85,10,85196,Car,3,485154,Divorced,High School,Healthcare,Low,Rejected,Reflect dark force.,Only reflect hundred reduce have.,1997-03-06,28,Part-time,3145,85596,21,3,0.36,True,6,True,8,Mortgage,1,Short-term,6.62,Real Estate,71432,Required,,,
CUST197,Michael Herrera,506,30442,0.45,84,12,248526,Business,3,466007,Married,Bachelors,Retail,Medium,Approved,Fact see nation.,Course future police court.,1961-11-04,64,Self-employed,5578,196711,16,2,0.22,False,0,True,6,Own,6,Long-term,5.79,None,248354,None,,,Spouse
CUST198,Christopher Russell,790,103910,0.21,96,12,140718,Business,3,444709,Divorced,High School,Technology,High,Rejected,Range perhaps send.,Hand everything stop every.,1966-08-25,59,Self-employed,3970,44052,21,1,0.65,False,0,False,0,Own,1,Medium-term,7.96,Real Estate,27583,None,601,,None
CUST199,Samuel Mclean,511,108457,0.21,97,14,53400,Business,2,265178,Married,Masters,Education,Low,Approved,As subject sign.,Ever company across baby.,1969-10-26,56,Part-time,5702,22143,14,5,0.54,True,6,True,6,Own,7,Short-term,4.1,Vehicle,359032,Required,661,61192,
CUST200,Jeremy Brown,739,73186,0.6,75,5,52765,Mortgage,2,244947,Married,PhD,Healthcare,High,Approved,Include moment great.,Site modern purpose should buy.,1971-12-29,54,Part-time,2350,136689,13,2,0.36,True,7,True,2,Rent,6,Long-term,6.56,Vehicle,394501,Required,647,,
CUST201,Dorothy Sanders,621,101196,0.49,99,9,53644,Car,0,347593,Single,Bachelors,Finance,Low,Rejected,Husband quite growth.,Strong to crime war part.,1993-11-10,32,Part-time,4995,30264,4,1,0.43,True,10,False,0,Rent,15,Medium-term,4.56,Real Estate,125896,None,,57659,
CUST202,Ronald Liu,515,56363,0.47,84,13,187636,Business,1,512777,Divorced,PhD,Healthcare,Low,Rejected,Let drug bit just.,Network throw already.,1975-09-17,50,Self-employed,5992,143624,12,1,0.11,True,4,False,0,Mortgage,5,Medium-term,5.61,Vehicle,295013,Required,,,None
CUST203,Mary Johnson,744,36965,0.35,100,10,107698,Mortgage,1,347451,Married,Masters,Healthcare,High,Approved,Anyone nearly of.,Why nice computer movie.,1964-07-19,61,Part-time,5808,150239,16,4,0.62,False,0,False,0,Own,9,Short-term,7.41,None,21630,None,,,Sibling
CUST204,Amanda Owen,535,100346,0.27,84,6,200637,Education,3,433899,Single,High School,Technology,Medium,Rejected,Candidate.,Policy program worry top common.,1962-03-14,63,Self-employed,3824,127958,20,2,0.83,False,0,False,0,Own,7,Long-term,7.76,Vehicle,49926,None,675,,
CUST205,Amy Robbins,622,82031,0.37,99,12,193897,Education,2,248713,Married,PhD,Healthcare,Low,Approved,With all.,Mean world inside.,1990-10-27,35,Self-employed,4796,77701,14,4,0.58,False,0,True,3,Mortgage,12,Medium-term,8.0,None,510987,None,,95960,
CUST206,Gina Ellison,623,43677,0.46,78,7,66971,Car,1,479971,Married,High School,Education,High,Rejected,Natural all your color.,Positive industry issue determine large.,1987-11-05,38,Part-time,5418,136030,24,4,0.4,False,0,False,0,Own,8,Short-term,7.31,Vehicle,58145,None,711,,Spouse
CUST207,James Holt,762,35531,0.3,93,5,206370,Mortgage,4,396942,Single,Masters,Finance,Medium,Rejected,Research finish.,Hard back off.,2001-11-17,24,Self-employed,4368,139817,6,2,0.89,True,8,False,0,Mortgage,10,Medium-term,7.26,Vehicle,328841,Required,,,
CUST208,Crystal Smith,731,132173,0.63,82,1,108751,Car,2,326871,Single,High School,Healthcare,Medium,Approved,American west issue.,Simple no reality data.,1982-01-14,43,Full-time,2303,113032,7,5,0.82,True,3,True,1,Own,7,Long-term,5.69,Vehicle,496958,None,731,,Spouse
CUST209,Pamela Townsend,750,104473,0.22,91,9,200619,Business,4,323312,Single,Bachelors,Finance,High,Rejected,About write cold.,Miss lawyer yes summer maintain.,1985-07-25,40,Part-time,3999,125227,23,4,0.48,True,5,True,4,Mortgage,12,Short-term,6.6,Real Estate,515938,None,648,75081,Sibling
CUST210,Daniel Mitchell,783,91179,0.39,93,2,136480,Mortgage,1,251511,Single,High School,Technology,Medium,Approved,Push not.,Learn population.,1962-04-24,63,Part-time,5181,130522,21,1,0.72,False,0,True,1,Mortgage,3,Short-term,6.62,Real Estate,553912,Required,,,
CUST211,Erin Sims,585,100125,0.66,98,3,240259,Personal,2,213200,Married,High School,Retail,High,Approved,Improve share understand.,Read by outside no.,1978-06-13,47,Part-time,3841,182572,17,2,0.41,True,5,False,0,Own,6,Long-term,5.15,Real Estate,5101,Required,,65931,Sibling
CUST212,Scott Holder,502,50259,0.65,82,8,113913,Personal,3,520538,Divorced,High School,Healthcare,Medium,Approved,Center economic authority.,Avoid feeling phone him.,1965-08-01,60,Full-time,3999,91682,19,2,0.71,False,0,True,8,Rent,5,Short-term,6.68,Real Estate,209211,Required,617,,
CUST213,Benjamin Huber,619,131469,0.4,99,11,111788,Education,3,272397,Divorced,Masters,Retail,High,Approved,Center miss according.,Free operation.,1976-11-20,49,Full-time,4133,140340,14,4,0.46,False,0,True,9,Rent,13,Short-term,6.32,Real Estate,253577,Required,,,None
CUST214,Elizabeth Marshall,568,92461,0.58,81,3,157672,Personal,1,293133,Married,Bachelors,Finance,Medium,Approved,Book house too material.,Do size blood night.,2002-05-15,23,Self-employed,3981,97579,23,2,0.33,True,9,False,0,Rent,11,Long-term,4.99,None,187468,Required,,77175,Parent
CUST215,Tracy Miller,569,107885,0.37,87,7,206950,Mortgage,2,487491,Divorced,PhD,Technology,High,Rejected,Entire travel.,Room list drive.,1978-04-08,47,Self-employed,2072,182068,4,1,0.49,False,0,False,0,Rent,12,Medium-term,3.88,Vehicle,203820,Required,,75889,Sibling
CUST216,Adam Harris,621,61519,0.68,75,4,217746,Education,4,260078,Divorced,Bachelors,Retail,Low,Rejected,Main likely.,Chance human treatment machine never.,1984-10-22,41,Part-time,5466,72231,6,4,0.87,True,5,False,0,Mortgage,2,Medium-term,7.69,Real Estate,33795,Required,,,None
CUST217,Terry Choi,535,55065,0.23,75,4,96486,Mortgage,0,384311,Single,Masters,Retail,Low,Rejected,Interest get.,Good character prove.,1965-02-12,60,Full-time,2052,147944,25,1,0.68,True,4,False,0,Mortgage,10,Long-term,5.75,Real Estate,199013,None,672,75876,Spouse
CUST218,Sara Macias,667,121620,0.47,74,15,182283,Personal,1,354008,Single,Masters,Technology,Medium,Approved,Company.,Show many material part area.,1966-08-03,59,Part-time,3984,21602,12,2,0.4,True,10,False,0,Own,15,Long-term,4.13,Real Estate,319356,None,,,
CUST219,Danielle Steele,621,117499,0.26,74,7,84154,Personal,2,288415,Single,Bachelors,Retail,High,Rejected,Must pass hair.,Man itself.,1970-03-29,55,Part-time,2031,28227,4,5,0.45,True,7,False,0,Own,12,Long-term,3.56,Vehicle,42119,None,674,97972,
CUST220,Carol Wilcox,756,100738,0.22,92,2,186136,Mortgage,2,415649,Married,High School,Education,Medium,Rejected,Population face.,Every myself worry.,1960-02-07,65,Part-time,2341,173038,21,4,0.18,True,2,False,0,Rent,2,Short-term,7.29,None,147080,None,714,,
CUST221,Angie Moore,663,37741,0.55,86,7,166165,Business,1,155417,Single,Masters,Finance,Low,Approved,Continue away somebody.,Process hair receive debate.,1982-08-30,43,Part-time,5662,66580,18,4,0.3,False,0,True,9,Mortgage,9,Long-term,4.36,Vehicle,22177,Required,,,
CUST222,Brandon Patel,612,114265,0.24,100,12,203594,Car,4,478392,Married,Bachelors,Technology,Medium,Rejected,Especially receive.,Large move keep single tree.,1959-11-25,66,Full-time,5031,9841,3,5,0.61,True,1,False,0,Rent,5,Short-term,5.8,Real Estate,21878,Required,,,
CUST223,Samantha Harris,779,109091,0.63,89,14,182668,Education,1,199047,Divorced,High School,Healthcare,Low,Rejected,Plant radio budget.,Anyone few sort bill.,1980-03-23,45,Self-employed,3720,178925,1,1,0.43,True,8,True,7,Mortgage,15,Short-term,6.35,Real Estate,331946,Required,,,Sibling
CUST224,Andrew Barker,678,42148,0.55,75,2,165380,Education,4,169930,Divorced,High School,Technology,High,Approved,Attention she particularly and.,Direction nor short describe.,1991-10-23,34,Full-time,2111,107280,11,4,0.65,False,0,False,0,Mortgage,12,Long-term,4.02,None,519791,None,630,,
CUST225,Jessica Ford,533,55842,0.29,75,9,122239,Education,3,540670,Divorced,Bachelors,Healthcare,Low,Rejected,East center general.,Break campaign.,1962-01-24,63,Part-time,4837,121968,6,2,0.74,False,0,False,0,Rent,5,Short-term,5.43,None,227331,Required,,,
CUST226,Richard Brown,755,141685,0.3,97,4,60593,Personal,4,518679,Married,Masters,Technology,Low,Approved,Task best inside.,Parent opportunity interview.,1991-01-21,34,Part-time,4069,57878,16,1,0.56,False,0,True,9,Rent,10,Long-term,6.88,None,12594,Required,651,,
CUST227,Kerri Anthony,620,122688,0.61,98,11,190220,Business,3,180379,Divorced,High School,Technology,High,Rejected,My grow poor avoid.,Real later.,1967-06-13,58,Part-time,4327,171444,18,5,0.27,False,0,False,0,Own,14,Long-term,5.42,Vehicle,558759,Required,656,74115,Sibling
CUST228,Rebecca Flores,776,122441,0.44,90,8,68446,Education,0,259465,Single,PhD,Technology,Medium,Rejected,Up quite level.,Health open simple mean big.,1984-11-23,41,Full-time,3158,60383,14,1,0.25,False,0,False,0,Own,10,Short-term,4.8,Vehicle,215220,None,,,None
CUST229,Daniel Payne,509,60016,0.61,96,2,147572,Mortgage,3,223969,Married,PhD,Education,High,Rejected,Fish item call stay.,Remember certainly special leave.,1999-09-29,26,Part-time,3447,146473,9,2,0.6,True,5,False,0,Mortgage,7,Short-term,4.61,Real Estate,549593,None,673,32380,
CUST230,Mariah Mason,527,128026,0.66,84,10,116716,Car,3,156642,Married,PhD,Education,Medium,Rejected,Save main whole.,Radio forward.,1987-08-14,38,Full-time,5843,145846,4,5,0.4,True,4,True,10,Own,5,Long-term,6.3,Vehicle,165395,Required,,87401,Spouse
CUST231,Mr. Bobby Goodwin DDS,602,56466,0.32,88,3,125652,Education,3,450623,Married,PhD,Healthcare,Medium,Approved,Television finish.,Society those above measure resource.,2001-08-07,24,Part-time,4791,54309,15,5,0.46,True,3,False,0,Own,11,Short-term,3.82,Vehicle,260814,Required,,,None
CUST232,Robert Crawford,668,113511,0.56,72,4,162629,Car,0,311852,Divorced,PhD,Retail,Medium,Rejected,Feel other.,Believe hope ask care effect.,1975-07-29,50,Self-employed,5500,72828,23,3,0.38,False,0,False,0,Rent,13,Long-term,7.44,Vehicle,45372,None,,50039,
CUST233,Michael Petty,599,122861,0.53,85,12,119614,Education,2,278732,Divorced,Masters,Technology,Low,Approved,Board she police worry.,Pay left pattern.,1994-11-17,31,Part-time,4571,25160,22,1,0.62,True,1,False,0,Own,9,Short-term,6.45,Real Estate,444610,None,,44577,Parent
CUST234,Nathan Rivera,680,120835,0.56,94,4,143159,Education,2,417764,Divorced,Bachelors,Education,Low,Rejected,Thousand range.,Serious professor ball effort.,1999-02-01,26,Full-time,5337,151003,9,5,0.3,False,0,True,7,Rent,5,Long-term,6.42,None,317082,None,,,
CUST235,Mrs. Debra Massey,791,149856,0.26,94,8,217107,Mortgage,4,271502,Single,Masters,Technology,Medium,Rejected,Suggest themselves.,Whatever wind sea.,1978-07-21,47,Self-employed,2063,150927,7,2,0.12,True,5,True,7,Rent,4,Long-term,6.58,None,430632,Required,,35970,None
CUST236,Yolanda Wade,757,57747,0.26,85,9,176874,Personal,4,319759,Single,PhD,Finance,Low,Rejected,Admit population under.,Music serve.,2002-08-04,23,Part-time,3470,14341,12,4,0.42,False,0,False,0,Mortgage,11,Long-term,5.9,Vehicle,520476,None,,,
CUST237,Timothy Hawkins,646,79706,0.48,80,15,217734,Personal,1,356132,Married,Bachelors,Retail,High,Rejected,Again major star citizen.,Field discuss piece evidence page.,1994-09-27,31,Self-employed,5276,110429,6,1,0.26,True,5,False,0,Own,7,Long-term,4.86,Real Estate,20726,None,,95224,None
CUST238,Eugene Garrett,769,140713,0.55,88,10,65291,Mortgage,3,519053,Divorced,High School,Retail,Medium,Rejected,Respond sometimes suggest.,Candidate away all population.,1969-05-15,56,Part-time,5822,168784,25,5,0.23,True,7,False,0,Rent,13,Medium-term,6.84,Real Estate,186360,Required,,75195,
CUST239,Rebecca Acosta,694,134095,0.7,97,11,104564,Business,2,481053,Married,High School,Technology,Medium,Rejected,Word build.,So war run.,1998-09-07,27,Self-employed,3905,69184,13,1,0.47,False,0,True,1,Mortgage,11,Short-term,5.19,Real Estate,311251,None,712,,Sibling
CUST240,Erik White,581,63740,0.56,79,3,218355,Business,4,423204,Married,Masters,Retail,Low,Approved,Author yard claim.,She might somebody certainly garden.,2002-03-19,23,Self-employed,5087,5078,18,2,0.36,False,0,False,0,Rent,1,Medium-term,5.19,Real Estate,272563,Required,723,,
CUST241,Jennifer Murphy,697,30246,0.62,88,3,60608,Education,0,354711,Divorced,Bachelors,Retail,Low,Approved,Force Republican.,Central about such field.,1999-09-01,26,Part-time,5057,94020,7,3,0.26,True,2,False,0,Mortgage,14,Long-term,7.99,Real Estate,248403,Required,,,Spouse
CUST242,Wesley Harris,507,125115,0.63,87,5,174669,Mortgage,2,419920,Divorced,Bachelors,Finance,High,Rejected,Suffer recognize production.,Song candidate read tough.,1988-03-12,37,Full-time,4014,185321,19,4,0.4,True,3,True,4,Mortgage,7,Medium-term,4.48,None,203875,Required,668,,Parent
CUST243,Brittany Wolf,678,120634,0.23,97,11,119463,Personal,0,478455,Divorced,PhD,Education,Medium,Approved,Early everyone data.,Everyone think dream name sometimes.,1994-08-22,31,Self-employed,5160,99416,7,1,0.24,False,0,True,9,Mortgage,5,Short-term,5.16,Vehicle,41545,None,,,
CUST244,Robin Smith,506,122370,0.37,73,10,195096,Mortgage,4,444933,Divorced,Bachelors,Retail,High,Approved,Painting name skill.,Decide improve after if.,1990-12-14,35,Self-employed,5671,25718,3,2,0.33,True,10,True,9,Mortgage,15,Long-term,7.2,Real Estate,297476,None,628,63973,
CUST245,Stephen Harper,510,112127,0.66,84,1,199429,Personal,1,270811,Divorced,High School,Healthcare,Low,Approved,Here must learn.,Report human wrong.,1997-02-26,28,Full-time,5771,117912,25,5,0.51,True,5,True,3,Own,4,Medium-term,4.28,Vehicle,63182,None,713,,None
CUST246,Steven Rodriguez,553,53729,0.23,83,13,85310,Mortgage,4,317360,Single,Bachelors,Retail,High,Approved,Recognize toward score feel.,At serious class.,1973-03-08,52,Full-time,2890,120561,16,1,0.6,True,7,False,0,Mortgage,4,Medium-term,5.71,Real Estate,396513,None,693,72562,Spouse
CUST247,John Daniel,706,148855,0.26,93,14,244597,Mortgage,2,588750,Single,PhD,Education,Low,Rejected,Somebody look fish.,Glass east need physical.,1971-04-03,54,Full-time,5953,89737,18,4,0.79,False,0,False,0,Own,6,Long-term,3.71,Real Estate,546141,Required,685,,
CUST248,James Dudley,610,33065,0.26,97,13,121796,Mortgage,1,285001,Married,Bachelors,Retail,Low,Rejected,Age difficult.,Summer since house security.,1986-08-08,39,Part-time,3218,169809,25,3,0.78,False,0,False,0,Mortgage,8,Short-term,6.26,None,211805,Required,,,None
CUST249,Connie Acosta,636,93383,0.64,87,12,76668,Business,1,405239,Married,Bachelors,Healthcare,Low,Rejected,Share executive drop.,Fall dream.,1964-08-09,61,Self-employed,3099,125878,16,2,0.84,True,4,True,1,Rent,10,Short-term,4.54,None,87074,None,645,41928,Spouse
CUST250,Yvette Howard,637,134060,0.66,93,4,139740,Personal,3,263112,Married,Masters,Technology,Medium,Rejected,Visit save buy much.,Former sign these officer.,1992-09-24,33,Self-employed,3555,81836,23,4,0.28,True,3,False,0,Mortgage,12,Short-term,7.69,Vehicle,583466,Required,,61849,
